Day,Weight
1,72.95849897138007
2,75.4047777386137
3,60.97886609460111
4,71.98848282019601
5,75.90047156320189
6,77.19323379873529
7,64.78734879310754
